{"cameraMode":{"drawMode":0,"name":"Shaded","section":"Shading Mode"},"sceneLighting":false,"audioPlay":false,"sceneViewState":{"showFog":true,"showMaterialUpdate":false,"showSkybox":false,"showFlares":true,"showImageEffects":true,"showParticleSystems":true,"showVisualEffectGraphs":true,"m_FxEnabled":true},"in2DMode":false,"pivot":{"x":-7.568844795227051,"y":4.5423383712768559,"z":6.959128379821777},"rotation":{"x":-0.000056880071497289464,"y":-0.9953898787498474,"z":0.09585198760032654,"w":-0.0005900784162804484},"size":8.062971115112305,"orthographic":false}