{"cameraMode":{"drawMode":0,"name":"Shaded","section":"Shading Mode"},"sceneLighting":false,"audioPlay":false,"sceneViewState":{"showFog":true,"showMaterialUpdate":false,"showSkybox":false,"showFlares":true,"showImageEffects":true,"showParticleSystems":true,"showVisualEffectGraphs":true,"m_FxEnabled":true},"in2DMode":false,"pivot":{"x":31.03178596496582,"y":0.8890278339385986,"z":-21.1201114654541},"rotation":{"x":0.0001540626399219036,"y":0.9999822378158569,"z":0.013500573113560677,"w":0.005690065212547779},"size":1.2977516651153565,"orthographic":false}