{"cameraMode":{"drawMode":0,"name":"Shaded","section":"Shading Mode"},"sceneLighting":true,"audioPlay":false,"sceneViewState":{"showFog":true,"showMaterialUpdate":false,"showSkybox":true,"showFlares":true,"showImageEffects":true,"showParticleSystems":true},"in2DMode":false,"pivot":{"x":30.233652114868165,"y":2.432954788208008,"z":-14.883794784545899},"rotation":{"x":0.022762753069400789,"y":-0.9433334469795227,"z":0.324705570936203,"w":0.06637934595346451},"size":5.5721821784973148,"orthographic":false}